{"[' ' ' ' ' ' ' ' ' ' 'X' ' ' ' ' ' ']": [-0.28125, -0.5, 0.0, -0.15625, 0.0, 0.0, 0.0, 0.0, 0.0], "['O' 'X' ' ' ' ' ' ' 'X' ' ' ' ' ' ']": [0.0, 0.0, 0.0, 0.0, 0.0, 0.0, 0.875, 0.0, 0.0], "['O' 'X' 'X' ' ' ' ' 'X' 'O' ' ' ' ']": [0.0, 0.0, 0.0, 0.0, 0.0, 0.0, 0.0, 0.0, 0.5], "['O' 'X' 'X' ' ' 'X' 'X' 'O' ' ' 'O']": [0.0, 0.0, 0.0, 0.0, 0.0, 0.0, 0.0, 0.5, 0.0], "['O' 'X' 'X' ' ' 'X' 'X' 'O' 'O' 'O']": 